Abrev.	abreviatura.
a. C.	antes do Chrísto.
Açor.	termo açoreano.
Adj.	adjectivo.
Adj. f.	adjectivo feminino.
Adv.	adverbio.
Afr.	africano.
Agr.	termo de Agricultura.
al.	alemão.
alat.	alatinado.
alt. al.	alto alemão.
alter.	alteração.
Anat.	termo de Anatomia.
Angl.	Anglicismo.
angl. sax.	anglo saxão.
Ant.	termo antigo.
ant. alt. al.	antigo alto alemão.
Anthrop.	Anthropologia.
apher.	aphérese.
ár.	árabe.
Arith.	termo de Arithmética.
art. def.	artigo deﬁnido.
Artilh.	termo de Artilharia.
as.	termo asiático.
Arm.	termo de Armaria.
Astrol.	termo de Astrologia.
aum.	aumentativo.
Bacter.	termo de Bacteriologia.
berb.	berbere.
Bibl. Nac.	Bibliotheca Nacional.
Biol.	termo de Biologia.
b. lat.	baixo latim.
borg.	borgonhês.
Bot.	termo de Botânica.
Bras.	termo brasileiro.
bret.	bretão.
Burl.	termo burlesco.
Caboverd.	termo caboverdeano.
car.	caraíba.
Carp.	termo de Carpintaria.
carth.	carthaginês.
cast.	castelhano.
celt.	céltico.
Cf.	conﬁra.
chancell.	chancellaria.
Chapel.	termo de Chapelaria.
chil.	chileno.
chin.	chinês.
Chul.	termo chulo.
Chron.	termo de Chronologia.
Cir.	termo de Cirurgia.
cit.	citado.
comp.	comparativo.
conc.	concani.
cong.	conguês.
conj.	conjuncção.
Constr.	termo de construcção.
contr.	contracção.
corr.	corruptela.
Cp.	compare.
Cutel.	termo de Cutelaria.
Cyn.	termo de Cynegética.
Icht.	termo de Ichthyologia.
def.	defectivo.
id.	idem.
deﬁn.	deﬁnido.
imper.	imperativo.
dem.	deminutivo.
impess.	impessoal.
demonstr.	demonstrativo.
impropr.	em sentido impróprio.
der.	derivado; derivação.
inch.	verbo inchoativo.
des.	desusado.
ind.	termo indiano.
deprec.	depreciativo.
inf.	termo infantil.
diccion.	diccionário; diccionarista,
inﬂ.	inﬂuência.
din.	dinamarquês.
ingl.	inglês.
doc.	documento.
interj.	interjeição.
eccles.	ecclesiastico.
interrog.	interrogação.
Econ. polít.	termo de Economia Política.
iron.	ironia.
ed.	edição.
it.	italiano.
egýp.	egýpcio.
Ital.	italianismo.
Enol.	termo de Enologia.
jap.	japonês.
Entom.	termo de Entomologia.
jav.	javanês.
Equit.	termo de Equitação.
Jur.	termo de Jurisprudência.
escand.	escandinavo.
kilogr.	kilogramma.
escoc.	escocês.
lat.	latim.
Escol.	termo escolar.
lat. barb.	latim bárbaro.
Espir.	termo de espiritismo.
lat. bot.	latim botânico.
etym.	etymologia.
lisb.	lisboêta.
ex.	exemplo.
Lit.	Literatura.
ext.	em sentido extensivo.
loc.	locução.
Extrem.	extremenho.
loc. adv.	locução adverbial.
euphon.	euphonia; euphónico.
loc. conj.	locução conjunccional.
f.	substantivo feminino.
loc. prep.	locução prepositiva.
f. ou fol.	fôlha.
loc. pron.	locução pronominal.
fam.	família; termo ou expressão familiar.
lund.	lundês.
fem.	ﬂexão feminina.
m.	substantivo masculino.
ﬁg.	em sentido ﬁgurado.
Mad.	termo da ilha da Madeira.
Fin.	termo de Finanças.
mal.	malaio.
ﬂam.	ﬂamengo.
malab.	malabárico.
ﬂex.	ﬂexão.
Marcen.	termo de Marcenaria.
fr.	francês.
Marn.	termo de marnotos.
freq.	verbo frequentativo.
Mathem.	termo de Mathemática.
Gal.	gallicismo.
Med.	termo do Medicina.
Gall.	gallego.
med. lat.	médio latim
gên.	gênero.
metáth.	metáthese.
Geneal.	termo de Genealogia.
mex.	mexicano.
Geod.	termo de Geodesia.
Mil.	termo militar.
Geogr.	termo de Geographia.
Miner.	termo de Mineralogia.
Geol.	termo de Geologia.
mod.	moderno.
Geom.	termo de Geometria.
ms.	manuscrito.
germ.	germânico.
Mús.	termo de Música.
Gír.	termo de gíria.
myth.	mythológico.
Glot.	termo de Glóttica.
n.	nome.
got.	gótico.
N.	Norte.
gr.	grego.
Náut.	termo de Náutica.
Gram.	termo de Grammática.
neerl.	neerlandês.
guar.	guarani.
neol.	neologismo.
hebr.	hebreu.
nord.	nórdico.
Heráld.	termo de Heráldica.
norm.	normando.
hind.	hindustani.
n. p.	nome próprio.
Hist. Nat.	termo de Hist. Natural.
num.	numeral.
holl.	hollandês.
obsol.	obsoleto.
hung.	húngaro.
onom.	onomatopeia; onomatopaico.
hybr.	hýbrido.
Ópt.	termo de Óptica.
Hydrogr.	termo de Hydrographia.
or.	origem.
hyp.	hypothético.
Ornit.	Ornithologia.
orthogr.	orthographia.
thibet.	thibetano.
p.	página.
Topogr.	termo de Topographia.
part.	particípio.
turc.	turco.
part. irr.	particípio irregular.
unif.	unifórme.
Pathol.	termo de Pathologia.
us.	usado.
pers.	persa.
V.	Veja.
peruv.	peruviano.
v.	verbo.
Pesc.	termo de Pescaria.
vasc.	vasconço.
pess.	pessôa (verbal).
vb.	verbò.
Pharm.	termo de Pharmacia.
veloc.	termo de velocipedia.
Philol.	termo de Philologia.
ven.	termo venatório.
Phot.	termo de Photographia.
verb.	verbal.
Phýs.	termo de Phýsica.
vers.	versiﬁcação.
Physiol.	termo de Physiologia.
Veter.	termo de Veterinária.
Pint.	termo de Pintura.
v. g.	verbi-gratia.
pl.	plural.
v. i.	verbo intransitivo.
pleb.	plebeísmo.
vin.	termo de viniﬁcação.
poet.	termo poético.
Vit.	termo de Vinicultura.
pol.	polaco.
vº	versò.
pop.	termo popular.
voc.	vocábulo.
port.	português.
pov.	povoação.
v. p. ou v. pron.	verbo pronominal.
vulg.	vulgar.
pref.	preﬁxo.
v. t.	verbo transitivo.
prep.	preposição.
zend.	zenda.
pron.	pronome.
Zool.	termo de Zoologia.
pron. ind.	pronome indeﬁnido.
prop.	próprio.
prov.	provincianismo.
Prov. alent.	provincianismo alentejano.
Prov. alg.	provincianismo algarvio.
Prov. beir.	provincianismo beirão.
Prov. dur.	provincianismo duriense.
Prov. extr.	provincianismo extremenho.
Prov. minh.	provincianismo minhoto.
Prov. trasm.	provincianismo trasmontano.
provn.	provençal.
p. us.	pouco usado.
qual.	qualiﬁcativo.
quimb.	quimbundo.
rad.	radical.
reﬂ.	reﬂexo.
restrict.	em sentido restricto.
rev.	revista.
S.	Sul.
Sal.	termo de salinas.
séc.	século.
seg.	seguinte; seguido.
sent.	sentido.
Serr.	termo de Serralharia.
sign.	signiﬁcação
sing.	singular.
subst.	substantivo.
suf.	suﬃxo.
suf. v.	suﬃxo verbal.
sup.	superlativo.
Supplem.	Supplemento.
syr.	syríaco.
t.	termo.
Taur.	termo da Tauromaquia.
Terat.	termo de Teratologia.
Theol.	termo de Theologia.
